mask, grouping phrase
"Homo Academicus (1988)","Homo Academicus"
"The Forms of Capital (1986)", "The Forms of Capital"
"The Field of Cultural Production (1993)","Field of Cultural Production"
"Masculine Domination (2001)","Masculine Domination"
"Sociology in Question (1993)","Sociology in Question"
"Practical Reason: On the Theory of Action (1998)","Practical Reason"
"In Other Words: Essays Towards a Reflexive Sociology (1990)","In Other Words: Reflexive Sociology"
"The State Nobility: Elite Schools in the Field of Power (1996)","State Nobility: Elite Schools"
"The Weight of the World: Social Suffering in Contemporary Society (1999)","The Weight of the World"
"The Logic of Practice (1980)","Logic of Practice"
"Outline of a Theory of Practice (1972)","Outline of a Theory of Practice"
"Language and Symbolic Power (1992)","Language and Symbolic Power"
"Méditations Pascaliennes (1997)","Méditations Pascaliennes / Pascalian Meditations"
"A Conservative Revolution in Publishing (2008)","Conservative Revolution in Publishing"
"Political Representation: Elements for a Theory of the Political Field (1991)","Political Representation"
"Champ intellectuel et projet créateur, Les Temps Modernes (1966)","Champ intellectuel et projet créateur / Intellectual Field and Creative Project"
"Distinction (1984)","Distinction"
"Outline of a Theory of Practice (1977)","Outline of a Theory of Practice"
"The Logic of Practice (1990)","Logic of Practice"
"The Forms of Capital (1986)","Forms of Capital"
"An Invitation to Reflexive Sociology (1992)","Invitation to Reflexive Sociology"
"Pascalian Meditations (2000)","Pascalian Meditations"
"Homo Academicus (1988)","Homo Academicus"
"The Field of Cultural Production (1993)","Field of Cultural Production"
"Masculine Domination (2001)","Masculine Domination"
"Sociology in Question (1993)","Sociology in Question"
"Practical Reason (1998)","Practical Reason"
"The Rules of Art (1992)","Rules of Art"
"In Other Words (1990)","In Other Words"
"Social Space (n.d.)","Social Space"
"Language and Symbolic Power (1991)","Language and Symbolic Power"
"The State Nobility (1996)","State Nobility"
"The Weight of the World (1993)","The Weight of the World"
"The Economy of Prestige (1982)","Economy of Prestige"
"Homo Academicus (1988)","Homo Academicus"
"Sketch for a Self-Analysis (2004)","Sketch for a Self-Analysis"
"Manet: A Symbolic Revolution (2017)","Manet: A Symbolic Revolution"
"The Rules of Art: Genesis and Structure of the Literary Field (1992)","The Rules of Art"
"In Other Words: Essays Towards a Reflexive Sociology (1994)","In Other Words"
"The Social Conditions of the International Circulation of Ideas (2002)","The Social Conditions of the International Circulation of Ideas"
"Principles of an Economic Anthropology (2005)","Principles of an Economic Anthropology"
"Power and Ideology in Education (1977)","Power and Ideology in Education"
"The Field of Cultural Production (1993)","The Field of Cultural Production"
"Forms of Capital (1986)","Forms of Capital"
"State Nobility: Elite Schools in the Field of Power (1998)","State Nobility"
"Outline of a Theory of Practice (1997)","Outline of a Theory of Practice"
"An Invitation to Reflexive Sociology (1992)","An Invitation to Reflexive Sociology"
"Reproduction in Education, Society and Culture (1977)","Reproduction in Education, Society and Culture"
"Language and Symbolic Power (1991)","Language and Symbolic Power"
"Rethinking the State: Genesis and Structure of the Bureaucratic Field (1999)","Rethinking the State"
"The Sociologist and the Historian (2015)","The Sociologist and the Historian"
"Pascalian Meditations (1999)","Pascalian Meditations"
"On the Cunning of Imperialist Reason (1999)","On the Cunning of Imperialist Reason"
"The Inheritors (1979)","The Inheritors"
"Algerian Landing (2004)","Algerian Landing"
"The Logic of Practice (1980)","The Logic of Practice"
"Distinction: A Social Critique of the Judgement of Taste (2013)","Distinction"
"Practical Reason: On the Theory of Action (1994)","Practical Reason"
"Vive la Crise! For Heterodoxy in Social Science (1988)","Vive la Crise!"
"Participant Objectivation (2003)","Participant Objectivation"
"The Force of Law: Toward a Sociology of the Juridical Field (1987)","The Force of Law"
"What Makes a Social Class? On the Theoretical and Practical Existence of Groups (1987)","What Makes a Social Class?"
"The Algerians (1958)","The Algerians"
"Feminism After Bourdieu (2004)","Feminism After Bourdieu"
"The Love of Art: European Art Museums and Their Public (1991)","The Love of Art"
"Physical Space, Social Space and Habitus (1996)","Physical Space, Social Space and Habitus"
"The Peasant and His Body (2004)","The Peasant and His Body"
"Habitus: A Sense of Place (2005)","Habitus: A Sense of Place"
"Job Insecurity is Everywhere Now (1998)","Job Insecurity is Everywhere Now"
"Genesis and Structure of the Religious Field (1991)","Genesis and Structure of the Religious Field"
"Social Space and the Genesis of Groups (1985)","Social Space and the Genesis of Groups"
"The Political Field, the Social Science Field and the Journalistic Field (2005)","The Political Field"
"Sport and Social Class (1978)","Sport and Social Class"
"The School as a Conservative Force: Scholastic Achievement and Cultural Inequalities (1974)","The School as a Conservative Force"
"Concluding Remarks: For a Sociogenetic Understanding of Intellectual Works (1993)","Concluding Remarks"
"On the State: Lectures at the Collège de France (2014)","On the State"
"La Misère du Monde (1993)","The Misery of the World"
"The Sentiment of Honour in Kabyle Society (1965)","The Sentiment of Honour"
"Lesson on the Lesson (1982)","Lesson on the Lesson"
"Cultural Reproduction and Social Reproduction (1973)","Cultural Reproduction and Social Reproduction"
"The Couturier and His Claw: Contribution to a Theory of Magic (1975)","The Couturier and His Claw"
"Making the Economic Habitus: Algerian Workers Revisited (2000)","Making the Economic Habitus"
"The Three States of Cultural Capital (1979)","The Three States of Cultural Capital"
"The Production of Belief: Contribution to an Economy of Symbolic Goods (1980)","The Production of Belief"
"Sociology is a Martial Art: Political Writings by Pierre Bourdieu (2010)","Sociology is a Martial Art"
"On Television (1996)","On Television"
"Symbolic Capital and Social Classes (2013)","Symbolic Capital and Social Classes"
"Identity and Representation: Elements for a Critical Reflection on the Idea of Region, Language and Symbolic Power (1991)","Identity and Representation"
"Newliberalspeak: Notes on the New Planetary Vulgate (2001)","Newliberalspeak"
"The Educational System and the Economy: Titles and Jobs (1981)","The Educational System and the Economy"
"Legitimation and Structured Interests in Weber's Sociology of Religion (1987)","Legitimation and Structured Interests"
"Passport to Duke (1997)","Passport to Duke"
"Science of Science and Reflexivity (2006)","Science of Science and Reflexivity"
"The Field of Cultural Reproduction (1993)","The Field of Cultural Reproduction"
"Utopia of Endless Exploitation: The Essence of Neoliberalism (1998)","Utopia of Endless Exploitation"
"The Organic Ethnologist of Algerian Migration (2000)","The Organic Ethnologist of Algerian Migration"
"State of Mind: Genesis and Structure of the Bureaucratic Field (1993)","State of Mind: Genesis and Structure of the Bureaucratic Field"
"The Attitude of the Algerian Peasant Toward Time (1963)","The Attitude of the Algerian Peasant"
"An Interpretation of the Theory of Religion According to Max Weber (1971)","Interpretation of the Theory of Religion"
"Provisional Remarks on the Social Perception of the Body (1977)","Provisional Remarks on the Social Perception of the Body"
"Cultural Power (2002)","Cultural Power"
"Foreword, Dealing in Virtue: International Commercial Arbitration and the Construction of a Transnational Legal Order (1996)","Foreword, Dealing in Virtue"
"Le capital social. Notes Provisoires (1981)","Le capital social"
"The Peasant and Photography (2004)","The Peasant and Photography"
"Programme for a Sociology of Sport (1990)","Programme for a Sociology of Sport"
"Describe and Prescribe: Note on the Conditions of Possibility and the Limits of Political Efficacy (1981)","Describe and Prescribe"
"The Scholastic Point of View (1990)","The Scholastic Point of View"
"Social Theory for a Changing Society (1991)","Social Theory for a Changing Society"
"Firing Back: Against the Tyranny of the Market 2 (2001)","Firing Back"
"First Lecture. Social Space and Symbolic Space: Introduction to a Japanese Reading of Distinction (1991)","First Lecture on Distinction"
"Some Properties of Fields (1993)","Some Properties of Fields"
"Die feinen Unterschiede: Kritik der gesellschaftlichen Urteilskraft (1982)","The Subtle Differences"
"The Specificity of the Scientific Field and the Social Conditions of the Progress of Reason (1975)","The Specificity of the Scientific Field"
"The Political Ontology of Martin Heidegger (1988)","The Political Ontology of Martin Heidegger"
"A Reasoned Utopia and Economic Fatalism (1998)","A Reasoned Utopia and Economic Fatalism"
"Structuralism and Theory of Sociological Knowledge (1968)","Structuralism and Theory of Sociological Knowledge"
"The Social Structures of Economy (2005)","The Social Structures of Economy"
"Sociology of Algeria (1958)","Sociology of Algeria"
"Haute Couture and Haute Culture (1993)","Haute Couture and Haute Culture"
"The Historical Genesis of a Pure Aesthetic (1987)","The Historical Genesis of a Pure Aesthetic"
"The Future of Class and the Causality of the Probable (1974)","The Future of Class"
"Epilogue: On the Possibility of a Field of World Sociology (1991)","Epilogue: On the Possibility of a Field of World Sociology"
"Academic Discourse (1994)","Academic Discourse"
"Understanding, Theory, Culture and Society (1996)","Understanding, Theory, Culture and Society"
"The Market of Symbolic Goods (1985)","The Market of Symbolic Goods"
"Photography: A Middle-Brow Art (1996)","Photography: A Middle-Brow Art"
"The Craft of Sociology: Epistemological Preliminaries (1968)","The Craft of Sociology"
"Sociology and Philosophy in France Since 1945: Death and Resurrection of a Philosophy Without Subject (1967)","Sociology and Philosophy in France"
"Symbolic Power: Critique of Anthropology (1979)","Symbolic Power"
"The Biographical Illusion, Identity: A Reader (2000)","The Biographical Illusion"
"The Critical Social Distinction of Judgment (1979)","The Critical Social Distinction"
"The Functioning of the Intellectual Field (1999)","The Functioning of the Intellectual Field"
"The Weight of the World: Social Suffering in Contemporary Society (1999)","The Weight of the World"
"On the Family as a Realized Category (1996)","On the Family as a Realized Category"
"Marriage Strategies as Strategies of Social Reproduction (1976)","Marriage Strategies"
"A Middle-Brow Art: Essay on the Social Uses of Photography (1965)","A Middle-Brow Art"
"Elements of a Sociological Theory of Artistic Perception (1968)","Elements of a Sociological Theory of Artistic Perception"
"Systems of Education and Systems of Thought (1967)","Systems of Education and Systems of Thought"
"Homo Academicus (1988)","Homo Academicus"
"Sketch for a Self-Analysis (2004)","Sketch for a Self-Analysis"
"Manet: A Symbolic Revolution (2017)","Manet: A Symbolic Revolution"
"The Rules of Art: Genesis and Structure of the Literary Field (1992)","The Rules of Art"
"In Other Words: Essays Towards a Reflexive Sociology (1994)","In Other Words"
"The Social Conditions of the International Circulation of Ideas (2002)","The Social Conditions of the International Circulation of Ideas"
"Principles of an Economic Anthropology (2005)","Principles of an Economic Anthropology"
"Power and Ideology in Education (1977)","Power and Ideology in Education"
"The Field of Cultural Production (1993)","The Field of Cultural Production"
"State Nobility: Elite Schools in the Field of Power (1998)","State Nobility"
"Outline of a Theory of Practice (1997)","Outline of a Theory of Practice"
"An Invitation to Reflexive Sociology (1992)","An Invitation to Reflexive Sociology"
"Reproduction in Education, Society and Culture (1977)","Reproduction in Education, Society and Culture"
"Language and Symbolic Power (1991)","Language and Symbolic Power"
"Rethinking the State: Genesis and Structure of the Bureaucratic Field (1999)","Rethinking the State"
"The Sociologist and the Historian (2015)","The Sociologist and the Historian"
"Pascalian Meditations (1999)","Pascalian Meditations"
"On the Cunning of Imperialist Reason (1999)","On the Cunning of Imperialist Reason"
"The Inheritors (1979)","The Inheritors"
"Algerian Landing (2004)","Algerian Landing"
"The Logic of Practice (1980)","The Logic of Practice"
"Distinction: A Social Critique of the Judgement of Taste (2013)","Distinction"
"Practical Reason: On the Theory of Action (1994)","Practical Reason"
"Vive la Crise! For Heterodoxy in Social Science (1988)","Vive la Crise!"
"Participant Objectivation (2003)","Participant Objectivation"
"The Force of Law: Toward a Sociology of the Juridical Field (1987)","The Force of Law"
"What Makes a Social Class? On the Theoretical and Practical Existence of Groups (1987)","What Makes a Social Class"
"The Algerians (1958)","The Algerians"
"The Love of Art: European Art Museums and Their Public (1991)","The Love of Art"
"Physical Space, Social Space and Habitus (1996)","Physical Space, Social Space and Habitus"
"The Peasant and His Body (2004)","The Peasant and His Body"
"Habitus: A Sense of Place (2005)","Habitus: A Sense of Place"
"Job Insecurity is Everywhere Now (1998)","Job Insecurity is Everywhere Now"
"Genesis and Structure of the Religious Field (1991)","Genesis and Structure of the Religious Field"
"Social Space and the Genesis of Groups (1985)","Social Space and the Genesis of Groups"
"The Political Field, the Social Science Field and the Journalistic Field (2005)","The Political Field"
"Sport and Social Class (1978)","Sport and Social Class"
"The School as a Conservative Force: Scholastic Achievement and Cultural Inequalities (1974)","The School as a Conservative Force"
"Concluding Remarks: For a Sociogenetic Understanding of Intellectual Works (1993)","Concluding Remarks"
"On the State: Lectures at the Collège de France (2014)","On the State"
"La Misère du Monde (1993)","The Misery of the World"
"The Sentiment of Honour in Kabyle Society (1965)","The Sentiment of Honour"
"Lesson on the Lesson (1982)","Lesson on the Lesson"
"Cultural Reproduction and Social Reproduction (1973)","Cultural Reproduction and Social Reproduction"
"The Couturier and His Claw: Contribution to a Theory of Magic (1975)","The Couturier and His Claw"
"Making the Economic Habitus: Algerian Workers Revisited (2000)","Making the Economic Habitus"
"The Three States of Cultural Capital (1979)","The Three States of Cultural Capital"
"The Production of Belief: Contribution to an Economy of Symbolic Goods (1980)","The Production of Belief"
"Sociology is a Martial Art: Political Writings by Pierre Bourdieu (2010)","Sociology is a Martial Art"
"On Television (1996)","On Television"
"Symbolic Capital and Social Classes (2013)","Symbolic Capital and Social Classes"
"Identity and Representation: Elements for a Critical Reflection on the Idea of Region, Language and Symbolic Power (1991)","Identity and Representation"
"Newliberalspeak: Notes on the New Planetary Vulgate (2001)","Newliberalspeak"
"The Educational System and the Economy: Titles and Jobs (1981)","The Educational System and the Economy"
"Legitimation and Structured Interests in Weber's Sociology of Religion (1987)","Legitimation and Structured Interests"
"Science of Science and Reflexivity (2006)","Science of Science and Reflexivity"
"The Field of Cultural Reproduction (1993)","The Field of Cultural Reproduction"
"Contre‐feux 2 (2001)","Contre‐feux 2"
"Utopia of Endless Exploitation: The Essence of Neoliberalism (1998)","Utopia of Endless Exploitation"
"The Organic Ethnologist of Algerian Migration (2000)","The Organic Ethnologist of Algerian Migration"
"State of Mind: Genesis and Structure of the Bureaucratic Field (1993)","State of Mind: Genesis and Structure of the Bureaucratic Field"
"The Attitude of the Algerian Peasant Toward Time (1963)","The Attitude of the Algerian Peasant"
"An Interpretation of the Theory of Religion According to Max Weber (1971)","Interpretation of the Theory of Religion"
"Provisional Remarks on the Social Perception of the Body (1977)","Provisional Remarks on the Social Perception of the Body"
"Cultural Power (2002)","Cultural Power"
"Foreword, Dealing in Virtue: International Commercial Arbitration and the Construction of a Transnational Legal Order (1996)","Foreword, Dealing in Virtue"
"Le capital social. Notes Provisoires (1981)","Social Capital"
"The Peasant and Photography (2004)","The Peasant and Photography"
"Programme for a Sociology of Sport (1990)","Programme for a Sociology of Sport"
"Describe and Prescribe: Note on the Conditions of Possibility and the Limits of Political Efficacy (1981)","Describe and Prescribe"
"The Scholastic Point of View (1990)","The Scholastic Point of View"
"Social Theory for a Changing Society (1991)","Social Theory for a Changing Society"
"Firing Back: Against the Tyranny of the Market 2 (2001)","Firing Back"
"First Lecture. Social Space and Symbolic Space: Introduction to a Japanese Reading of Distinction (1991)","First Lecture on Distinction"
"Some Properties of Fields (1993)","Some Properties of Fields"
"Die feinen Unterschiede: Kritik der gesellschaftlichen Urteilskraft (1982)","The Subtle Differences"
"The Specificity of the Scientific Field and the Social Conditions of the Progress of Reason (1975)","The Specificity of the Scientific Field"
"The Political Ontology of Martin Heidegger (1988)","The Political Ontology of Martin Heidegger"
"A Reasoned Utopia and Economic Fatalism (1998)","A Reasoned Utopia and Economic Fatalism"
"Structuralism and Theory of Sociological Knowledge (1968)","Structuralism and Theory of Sociological Knowledge"
"The Social Structures of Economy (2005)","The Social Structures of Economy"
"Sociology of Algeria (1958)","Sociology of Algeria"
"Haute Couture and Haute Culture (1993)","Haute Couture and Haute Culture"
"The Historical Genesis of a Pure Aesthetic (1987)","The Historical Genesis of a Pure Aesthetic"
"The Future of Class and the Causality of the Probable (1974)","The Future of Class"
"Epilogue: On the Possibility of a Field of World Sociology (1991)","Epilogue: On the Possibility of a Field of World Sociology"
"Academic Discourse (1994)","Academic Discourse"
"Understanding, Theory, Culture and Society (1996)","Understanding, Theory, Culture and Society"
"The Market of Symbolic Goods (1985)","The Market of Symbolic Goods"
"Photography: A Middle-Brow Art (1996)","Photography: A Middle-Brow Art"
"The Craft of Sociology: Epistemological Preliminaries (1968)","The Craft of Sociology"
"Sociology and Philosophy in France Since 1945: Death and Resurrection of a Philosophy Without Subject (1967)","Sociology and Philosophy in France"
"Symbolic Power: Critique of Anthropology (1979)","Symbolic Power"
"The Biographical Illusion (1986)","The Biographical Illusion"
"The Critical Social Distinction of Judgment (1979)","The Critical Social Distinction"
"The Functioning of the Intellectual Field (1999)","The Functioning of the Intellectual Field"
"The Weight of the World: Social Suffering in Contemporary Society (1999)","The Weight of the World"
"On the Family as a Realized Category (1996)","On the Family as a Realized Category"
"Marriage Strategies as Strategies of Social Reproduction (1976)","Marriage Strategies"
"A Middle-Brow Art: Essay on the Social Uses of Photography (1965)","A Middle-Brow Art"
"Elements of a Sociological Theory of Artistic Perception (1968)","Elements of a Sociological Theory of Artistic Perception"
"Systems of Education and Systems of Thought (1967)","Systems of Education and Systems of Thought"


