mask,grouping_phrase,total_count
Distinction: A Social Critique of the Judgement of Taste (2013),distinction,3022
The Forms of Capital (1986),the forms of capital,1326
Outline of a Theory of Practice (1997),outline of a theory of practice,1258
The Logic of Practice (1990),logic of practice,1049
An Invitation to Reflexive Sociology (1992),invitation to reflexive sociology,915
"Reproduction in Education, Society and Culture (1977)","reproduction in education, society and culture",742
Language and Symbolic Power (1991),language and symbolic power,573
Reproduction (1977),reproduction,461
The Field of Cultural Production (1993),field of cultural production,456
Pascalian Meditations (1999),pascalian meditations,430
Social Space (n.d.),social space,355
Practical Reason: On the Theory of Action (1994),practical reason,314
Homo Academicus (1988),homo academicus,307
In Other Words: Essays Towards a Reflexive Sociology (1994),in other words,277
The Rules of Art (1992),rules of art,243
Masculine Domination (2001),masculine domination,225
Sociology in Question (1993),sociology in question,222
The Weight of the World (1993),the weight of the world,217
The State Nobility: Elite Schools in the Field of Power (1996),state nobility: elite schools,202
Sport and Social Class (1978),sport and social class,139
Rethinking the State: Genesis and Structure of the Bureaucratic Field (1999),rethinking the state,114
What Makes a Social Class? On the Theoretical and Practical Existence of Groups (1987),what makes a social class?,111
State Nobility: Elite Schools in the Field of Power (1998),state nobility,105
The Inheritors (1979),the inheritors,101
Science of Science and Reflexivity (2006),science of science and reflexivity,97
The Craft of Sociology: Epistemological Preliminaries (1968),the craft of sociology,71
On Television (1996),on television,68
The Specificity of the Scientific Field and the Social Conditions of the Progress of Reason (1975),the specificity of the scientific field,65
On the State: Lectures at the Coll√®ge de France (2014),on the state,60
The Force of Law: Toward a Sociology of the Juridical Field (1987),the force of law,56
The School as a Conservative Force: Scholastic Achievement and Cultural Inequalities (1974),the school as a conservative force,50
On the Cunning of Imperialist Reason (1999),on the cunning of imperialist reason,48
Sketch for a Self-Analysis (2004),sketch for a self-analysis,48
Habitus: A Sense of Place (2005),habitus: a sense of place,46
Symbolic Power: Critique of Anthropology (1979),symbolic power,46
Le capital social. Notes Provisoires (1981),le capital social,45
The Love of Art: European Art Museums and Their Public (1991),the love of art,41
Photography: A Middle-Brow Art (1996),photography: a middle-brow art,40
Genesis and Structure of the Religious Field (1991),genesis and structure of the religious field,40
"The Political Field, the Social Science Field and the Journalistic Field (2005)",the political field,36
Firing Back: Against the Tyranny of the Market 2 (2001),firing back,34
On the Family as a Realized Category (1996),on the family as a realized category,33
The Algerians (1958),the algerians,30
The Biographical Illusion (1986),the biographical illusion,28
The Political Ontology of Martin Heidegger (1988),the political ontology of martin heidegger,27
The Production of Belief: Contribution to an Economy of Symbolic Goods (1980),the production of belief,27
Making the Economic Habitus: Algerian Workers Revisited (2000),making the economic habitus,25
Participant Objectivation (2003),participant objectivation,23
Vive la Crise! For Heterodoxy in Social Science (1988),vive la crise!,22
Systems of Education and Systems of Thought (1967),systems of education and systems of thought,22
The Market of Symbolic Goods (1985),the market of symbolic goods,21
Legitimation and Structured Interests in Weber's Sociology of Religion (1987),legitimation and structured interests,21
Academic Discourse (1994),academic discourse,20
Newliberalspeak: Notes on the New Planetary Vulgate (2001),newliberalspeak,20
The Attitude of the Algerian Peasant Toward Time (1963),the attitude of the algerian peasant,17
Social Theory for a Changing Society (1991),social theory for a changing society,17
The Social Conditions of the International Circulation of Ideas (2002),the social conditions of the international circulation of ideas,17
Forms of Capital (1986),forms of capital,16
Concluding Remarks: For a Sociogenetic Understanding of Intellectual Works (1993),concluding remarks,15
Principles of an Economic Anthropology (2005),principles of an economic anthropology,13
Sociology and Philosophy in France Since 1945: Death and Resurrection of a Philosophy Without Subject (1967),sociology and philosophy in france,11
The Peasant and His Body (2004),the peasant and his body,11
The Sentiment of Honour in Kabyle Society (1965),the sentiment of honour,11
Power and Ideology in Education (1977),power and ideology in education,11
Algerian Landing (2004),algerian landing,10
A Conservative Revolution in Publishing (2008),conservative revolution in publishing,10
The Scholastic Point of View (1990),the scholastic point of view,8
Structuralism and Theory of Sociological Knowledge (1968),structuralism and theory of sociological knowledge,8
The Peasant and Photography (2004),the peasant and photography,8
The Educational System and the Economy: Titles and Jobs (1981),the educational system and the economy,8
Symbolic Capital and Social Classes (2013),symbolic capital and social classes,8
Sociology is a Martial Art: Political Writings by Pierre Bourdieu (2010),sociology is a martial art,7
Manet: A Symbolic Revolution (2017),manet: a symbolic revolution,7
The Organic Ethnologist of Algerian Migration (2000),the organic ethnologist of algerian migration,7
The Sociologist and the Historian (2015),the sociologist and the historian,7
Job Insecurity is Everywhere Now (1998),job insecurity is everywhere now,6
A Reasoned Utopia and Economic Fatalism (1998),a reasoned utopia and economic fatalism,5
The Historical Genesis of a Pure Aesthetic (1987),the historical genesis of a pure aesthetic,5
Political Representation: Elements for a Theory of the Political Field (1991),political representation,4
Utopia of Endless Exploitation: The Essence of Neoliberalism (1998),utopia of endless exploitation,4
Cultural Power (2002),cultural power,4
"Foreword, Dealing in Virtue: International Commercial Arbitration and the Construction of a Transnational Legal Order (1996)","foreword, dealing in virtue",3
Passport to Duke (1997),passport to duke,3
The Future of Class and the Causality of the Probable (1974),the future of class,3
Le capital social. Notes Provisoires (1981),social capital,2
Sociology of Algeria (1958),sociology of algeria,2
